LastName,FirstName,email,ImageName
Kerry,Phillips,kerry@phillips.com,unknown.png
Brett,Bradley,brett@bradley.com,unknown.png
Mel,Foster,mel@foster.com,unknown.png
Kiran,Bennett,kiran@bennett.com,unknown.png
Charlie,Caldwell,charlie@caldwell.com,unknown.png
Tanner,Bell,tanner@bell.com,unknown.png
Raylee,Snow,raylee@snow.com,unknown.png
Brook,Atkins,brook@atikins.com,unknown.png
Cameron,Mathis,cameron@mathis.com,unknown.png
